{"W1": [[0.04814561512501481, 0.024390203504216806, -0.04991902428780074, -0.1893359082346062, -0.1575018735776158, 0.05288141497775239, 0.11425617114429383, -0.07735860464871558, -0.08913753581672416, -0.18897176924152004, 0.11971536296974246, 0.08373312247083069, 0.03211336725952641, 0.13195386060421024, 0.10671928495533133, 0.0230132403448545], [-0.012748924631463857, -0.17384522948776715, -0.06260347682678546, -0.13788090395582586, 0.07179920181607907, 0.11786228241785461, -0.02813765957418192, -0.061175483630775476, 0.2523471992251308, -0.1320779573893736, 0.10195034111585868, -0.03262326853870809, 0.05279948788161064, -0.026363745064965985, -0.09147822839022043, -0.028995852548470497], [-0.02738142588241156, 0.014852017377000915, 0.04466090518063658, 0.13184071749841397, 0.10803091911311663, -0.005629421842020323, -0.013557318289923776, 0.08729745545971972, 0.1277670456227853, -0.0204351442246488, -0.13642385025101986, 0.013699850217453496, 0.050671091583532536, -0.021702843334370794, 0.0065571699426189185, 0.00499653074044562], [-0.006495082228427741, 0.03387545192976604, 0.02392411143263524, -0.12331745418147028, 0.05413211006006893, -0.0006969947729702667, 0.005170831954947726, 0.04931549642348408, -0.07998931298505976, 0.09978751714214232, 0.11825444321591563, -0.07463923762677044, 0.04462051012383646, 0.02665703352505864, -0.056681556455881466, 0.2623557286366824]], "b1": [0.0, 0.0, 9.601466938221848e-06, 7.424923184137304e-06, -1.0215778062536566e-06, 2.9188930375401895e-05, 0.0, 2.0042056693019032e-06, 8.817571320582806e-06, 0.0, 0.0, -8.454131138731046e-06, -8.646495785965035e-06, 0.0, 0.0, 4.139211679864964e-06], "W2": [[0.06974941789006343, -0.04644366343639166, -0.13829312495079843, -0.16581500287524797, 0.17109608290484257, 0.043249701967388365, 0.06416702861270711, 0.05212788493211609, -0.1667581674448747, 0.027230846301042194, -0.15810743404693925, 0.016291387414824325, 0.012932603876469365, -0.0453910503940327, -0.14923216548132456, 0.1767672283195261], [0.10929341968218781, -0.07301272662122553, 0.060493415485844415, 0.031126882727291794, -0.013049306662669924, -0.13279300936801205, -0.092432913112926, 0.25255623711616254, -0.04826582073345652, 0.07639720283004944, 0.18125257294994168, -0.06323158439169049, -0.09397072561855843, 0.19508871497315658, 0.0043470170604113685, -0.08994619896673128], [0.016228252650430593, -0.024581513943590566, -0.11584037979912805, -0.11401836628901763, -0.14353425292154529, 0.08158968599878624, 0.07190058800306974, -0.07479538545775115, 0.1440298829525604, -0.029254895345924622, 0.11008749657070445, 0.09790314949218715, -0.03781451703191793, -0.05218334650715427, -0.047036155591371406, -0.0010366876389675268], [0.07206327952645802, 0.11090218658409311, -0.14706684292860578, 0.013034594639673436, 0.01595063372741982, 0.002163009795791129, 0.02771897744569264, -0.1844387603905423, 0.011634118340910528, 0.009467501419659565, 0.058620464792336166, 0.10336780494250307, 0.13319834303508135, -0.050572138034698004, 0.042332882174179395, 0.10672283495099325], [-0.003354728903128182, -0.06977191760045291, 0.0875665080636001, 0.015840305141249244, 0.07164440697711716, -0.2244277286379166, 0.11302286306665904, 0.03876099510290437, 0.0463994647745083, -0.1715800090427626, 0.043698403447640824, -0.12925402123637, 0.056788629652096884, 0.15241540966281913, 0.08210747444721982, 0.012553721720877735], [-0.1501924777333382, -0.13408631395619405, 0.09887500273346223, -0.09012072019251123, -0.15763404673930562, 0.14198359457743057, -0.11026575562508543, -0.07669969448236598, 0.05633128254422118, 0.008449206816587564, 0.10314530184590223, 0.03335401586304504, -0.1235288069689152, 0.03659278105528357, -0.09199054967879115, 0.15888766558973433], [0.10885608334511027, 0.02298351241593398, -0.1320392898433618, -0.18429578223942214, 0.0008590794598733932, -0.09047721471705249, -0.11875657088926946, -0.22932069758495569, -0.11167784916313479, 0.015257067761753056, 0.15358516221861118, -0.026126891217802317, 0.008698928935302941, -0.09992413410675272, 0.06405513210065934, 0.14887377460080814], [0.04339820353028365, 0.15467553496326716, -0.11431245874506848, -0.15559582301309763, 0.013973926235227366, -0.08017986764610213, -0.15525549823107626, 0.025065217385979707, -0.13307676739065785, -0.05588049025160938, -0.04014094185798469, -0.10675708783080931, 0.12244505581521463, -0.024571342847518142, 0.22644321781849122, 0.025044458683920846], [-0.02098903954970767, -0.11250902572789652, -0.07464868012018853, -0.01104990906548783, -0.15234223651198225, -0.10350327656843253, -0.03553703615998112, -0.07985020723235942, 0.022917286071876708, 0.05741657342401417, 0.21707313109965015, -0.13836901584849326, 0.02572245743926796, 0.03500521701288191, -0.11019996067602009, 0.08096122484154032], [-0.09845138485932214, 0.11699636875483302, 0.21293655946783124, -0.06181041912832831, 0.03159027665458646, -0.04074850859185566, 0.011747573943468686, 0.04852323540196554, -0.17876315627629363, -0.004052311376873047, 0.0357233180898978, 0.009343798993027551, 0.19924640091244247, 0.12157671959655354, -0.05521851520090842, 0.03634372421903438], [-0.050413687682225365, -0.030503872927786942, -0.07771568999767783, -0.012392703901153594, -0.055918385200448784, 0.16380787404672525, 0.1712436211876994, -0.11704016356292338, -0.027188557755575177, 0.05647484552150424, -0.08922684661260696, 0.04617446283172741, 0.13011702390029167, 0.054450887231438774, -0.027416345276997118, -0.01736686436456689], [-0.18570028288435855, -0.045216802980340996, -0.07288093816826265, 0.07580020789468206, 0.03380374393545132, 0.0218691338412467, 0.10818563488508062, -0.050711326757562396, -0.03565921072532132, 0.08088060633124525, 0.009306068439648202, 0.032489256430389905, 0.03680245003500017, 0.18355625741776435, -0.16918228397272966, 0.10405116494685414], [-0.04828194371299778, 0.058711310141479955, 0.07960154508239808, -0.1348828052625948, 0.018676561707016127, -0.2360617873970471, -0.10173549402645946, 0.008130008556424196, -0.13543038724246376, 0.2237607126224176, 0.02325615160447661, 0.012384629359406624, 0.06941516805503711, 0.03085956981685794, 0.054820961654273456, 0.025519084799769585], [0.02150396331271186, -0.05602900970149423, 0.15049633870544496, 0.06039305855877332, 0.2970008168166109, -0.01213293687775098, 0.015021538040472546, -0.0076614664386859925, -0.07128710300003174, -0.1140138838462763, 0.1420648824135057, 0.07308552556462337, 0.0980938624344176, 0.08625417655245221, -0.011991271265738547, -0.040674975557390636], [-0.10649641647807039, 0.17890240644503305, 0.02579284135387724, -0.2169760853402759, -0.0007401577940009571, 0.013875748688066222, 0.04725207640416611, 0.010833279759050551, 0.04940639864901849, 0.1851860936306545, 0.03122907392886734, -0.02670356682965664, -0.13842706642351346, -0.025501087180572674, -0.10838037940457063, -0.1179477685119186], [-0.15934148999798955, 0.07299086952983859, 0.16116523710245842, 0.11814409115643382, 0.16226309551706475, -0.049918594144307875, -0.007458436239273622, 0.010078147098133922, 0.12125722459472561, -0.026907453552840688, 0.08530207166122615, -0.003939980385911872, -0.0627196319579523, -0.0908893160702156, -0.05669444340356945, -0.06800759434997185]], "b2": [0.0, 0.0, 0.0, 0.0, 0.0, 0.0, 0.0, 0.0, 0.0, -3.133610879763222e-05, 4.1302539080676046e-05, 0.0, -8.968864642455398e-05, -5.0881969799818e-05, 3.7874467173576344e-05, 0.00012248242401942768],